feature,adaboost_feature_importance
total_pages_visited,0.3395454159183348
age,0.3371349302381204
new_user_1,0.07844873010488913
source_Seo,0.06419149707074162
country_UK,0.056414300514411514
source_Direct,0.04637455135483961
country_Germany,0.03911171018276462
country_US,0.03877886461589834
