feature,logreg_feature_imp_percent
country_Germany,0.23719762622928428
country_UK,0.2266254919784661
country_US,0.20377898892146584
total_pages_visited,0.16491836540395172
new_user_1,0.1122476102848197
age,0.03947481365137327
source_Direct,0.013994375703730907
source_Seo,0.001762727826908205
