feature,xgboost_feature_importance
total_pages_visited,0.776308000087738
new_user_1,0.11176303774118423
country_Germany,0.028744807466864586
country_UK,0.026680806651711464
country_US,0.025540651753544807
age,0.019039370119571686
source_Direct,0.007578081451356411
source_Seo,0.00434524193406105
